1990,The Adventures of Ford Fairlane
1990,After Dark, My Sweet
1990,Air America
1990,Alice
1990,Almost an Angel
1990,The Ambulance
1990,American Dream
1990,American Ninja 4: The Annihilation
1990,Andre's Mother
1990,Angel Town
1990,Another 48 Hrs.
1990,Arachnophobia
1990,Avalon
1990,Awakenings
1990,Back to the Future Part III
1990,Bad Influence
1990,Basket Case 2
1990,Betsy's Wedding
1990,Bird on a Wire
1990,Blind Faith
1990,Bloodfist II
1990,Blue Steel
1990,The Bonfire of the Vanities
1990,Bride of Re-Animator
1990,Cadence
1990,Cadillac Man
1990,Camp Cucamonga
1990,Captain America
1990,Cartoon All-Stars to the Rescue
1990,Catchfire
1990,Challenger
1990,Checkered Flag
1990,Child in the Night
1990,Child's Play 2
1990,China Cry
1990,The China Lake Murders
1990,China O'Brien
1990,Class of 1999
1990,Coins in the Fountain
1990,Come See the Paradise
1990,Coupe de Ville
1990,Crash and Burn
1990,Crazy People
1990,Cry-Baby
1990,Daddy's Dyin': Who's Got the Will?
1990,Dances with Wolves
1990,Deep Throat 2
1990,The Dark Side of the Moon
1990,Darkman
1990,Daughter of Darkness
1990,Days of Thunder
1990,Death Machine
1990,Death Warrant
1990,Deceptions
1990,Decoration Day
1990,Def by Temptation
1990,Delta Force 2: The Colombian Connection
1990,Denial
1990,Desperate Hours
1990,Dick Tracy
1990,Die Hard 2
1990,A Divine Double Feature
1990,Dorf Goes Auto Racing
1990,Downtown
1990,Dream Machine
1990,DuckTales the Movie: Treasure of the Lost Lamp
1990,Edward Scissorhands
1990,The End of Innocence
1990,Ernest Goes to Jail
1990,Everybody Wins
1990,The Exorcist III
1990,Faces of Death IV
1990,Far Out Man
1990,The Final Sanction
1990,Fire Birds
1990,The First Power
1990,Flashback
1990,Flatliners
1990,The Forbidden Dance
1990,The Fourth War
1990,Frankenhooker
1990,Frankenstein Unbound
1990,The Freshman
1990,Full Fathom Five
1990,Funny About Love
1990,Getting Lucky
1990,Ghost
1990,Ghost Dad
1990,Ghosts Can't Do It
1990,Girlfriend from Hell
1990,The Godfather Part III
1990,Goodfellas
1990,Graffiti Bridge
1990,Green Card
1990,Gremlins 2: The New Batch
1990,The Grifters
1990,Grim Prairie Tales
1990,The Guardian
1990,Guns
1990,The Guyver
1990,The Handmaid's Tale
1990,Hard to Kill
1990,Hardware
1990,Havana
1990,Heart Condition
1990,Henry & June
1990,Henry: Portrait of a Serial Killer
1990,Home Alone
1990,Hot Cars, Cold Facts
1990,The Hot Spot
1990,House Party
1990,The Hunt for Red October
1990,I Come in Peace
1990,I Love You to Death
1990,I'm Dangerous Tonight
1990,Industrial Symphony No. 1
1990,Initiation: Silent Night, Deadly Night 4
1990,Internal Affairs
1990,Iron & Silk
1990,It
1990,Jacob's Ladder
1990,Jetsons: The Movie
1990,Joe Versus the Volcano
1990,The Kill-Off
1990,Killer Tomatoes Strike Back
1990,Kindergarten Cop
1990,King of New York
1990,Laser Mission
1990,The Last of the Finest
1990,Leatherface: The Texas Chainsaw Massacre III
1990,The Lemon Sisters
1990,Lionheart
1990,The Long Walk Home
1990,Look Who's Talking Too
1990,Loose Cannons
1990,Lord of the Flies
1990,Love at Large
1990,Mack the Knife
1990,Madhouse
1990,A Man Called Sarge
1990,Maniac Cop 2
1990,Marked for Death
1990,Martians Go Home
1990,Masters of Menace
1990,Megaville
1990,Memphis Belle
1990,Men at Work
1990,Men Don't Leave
1990,Men of Respect
1990,Meridian: Kiss of the Beast
1990,Mermaids
1990,Metamorphosis: The Alien Factor
1990,Metropolitan
1990,Miami Blues
1990,Miller's Crossing
1990,Misery
1990,Mister Frost
1990,Mister Johnson
1990,Mo' Better Blues
1990,Mob Story
1990,A Mom for Christmas
1990,Moon 44
1990,Mother Goose Rock 'n' Rhyme
1990,Mountains of the Moon
1990,Mr. Destiny
1990,Mr. and Mrs. Bridge
1990,Murder in Mississippi
1990,My Blue Heaven
1990,Narrow Margin
1990,Navy SEALs
1990,The NeverEnding Story II: The Next Chapter
1990,Night Eyes
1990,Night of the Living Dead
1990,Nightbreed
1990,Ninja Academy
1990,No Retreat, No Surrender 3: Blood Brothers
1990,The Nutcracker Prince
1990,Opportunity Knocks
1990,Pacific Heights
1990,Paris Is Burning
1990,The Pit and the Pendulum
1990,Plunder & Lightning
1990,Postcards from the Edge
1990,Predator 2
1990,Presumed Innocent
1990,Pretty Woman
1990,Problem Child
1990,Prom Night III: The Last Kiss
1990,Psycho IV: The Beginning
1990,Pump Up the Volume
1990,Q&A
1990,Quick Change
1990,Quigley Down Under
1990,Ralph S. Mouse
1990,The Reflecting Skin
1990,Repossessed
1990,The Rescuers Down Under
1990,Revenge
1990,Reversal of Fortune
1990,RoboCop 2
1990,Robot Jox
1990,Rock 'n' Roll High School Forever
1990,Rocky V
1990,Roller Coaster Rabbit
1990,Romeo-Juliet
1990,The Rookie
1990,Rose Kennedy: A Life to Remember
1990,Rosencrantz & Guildenstern Are Dead
1990,The Russia House
1990,Shipwrecked
1990,A Shock to the System
1990,Short Time
1990,A Show of Force
1990,Shreck
1990,The Shrimp on the Barbie
1990,Sibling Rivalry
1990,Side Out
1990,Slumber Party Massacre 3
1990,Sorority House Massacre 2
1990,Snake Eater II: The Drug Buster
1990,Solar Crisis
1990,Somebody has to Shoot the Picture
1990,Soultaker
1990,Spaced Invaders
1990,Spirit of '76
1990,Spontaneous Combustion
1990,Spymaker: The Secret Life of Ian Fleming
1990,Stanley & Iris
1990,State of Grace
1990,Stella
1990,Strike It Rich
1990,Taking Care of Business
1990,Tales from the Darkside: The Movie
1990,Teenage Mutant Ninja Turtles
1990,Terminal City Ricochet
1990,Texasville
1990,That's Black Entertainment
1990,Three Men and a Little Lady
1990,Till There Was You
1990,Time of Love
1990,Too Much Sun
1990,To Sleep with Anger
1990,Total Recall
1990,Treasure Island
1990,Tremors
1990,Troll 2
1990,Troll 3
1990,Trust
1990,Tune in Tomorrow
1990,Twisted Obsession
1990,The Two Jakes
1990,Vincent & Theo
1990,Voodoo Dawn
1990,Welcome Home, Roxy Carmichael
1990,When You Remember Me
1990,Where the Heart Is
1990,White Hunter Black Heart
1990,White Palace
1990,White Room
1990,Why Me?
1990,Wild Orchid
1990,Wild at Heart
1990,Witchcraft II: The Temptress
1990,The Witches
1990,Without You I'm Nothing
1990,Young Guns II
1990,Zapped Again!
1990,12:01 PM
1991,29th Street
1991,Across the Tracks
1991,The Addams Family
1991,All I Want for Christmas
1991,An American Tail: Fievel Goes West
1991,And the Sea Will Tell
1991,Another You
1991,At Play in the Fields of the Lord
1991,Backdraft
1991,Barton Fink
1991,Beauty and the Beast
1991,Bill & Ted's Bogus Journey
1991,Billy Bathgate
1991,Bingo
1991,Blue Desert
1991,Body Parts
1991,The Boneyard
1991,The Borrower
1991,Boyz n the Hood
1991,Breathing Fire
1991,Bride of Re-Animator
1991,A Brief History of Time
1991,Brother Future
1991,Bugsy
1991,The Butcher's Wife
1991,By the Sword
1991,Cape Fear
1991,Captain America
1991,Career Opportunities
1991,Children of the Night
1991,Child's Play 3
1991,Chopper Chicks in Zombietown
1991,Chuck Amuck: The Movie
1991,City of Hope
1991,City Slickers
1991,Class Action
1991,Class of Nuke 'Em High II: Subhumanoid Meltdown
1991,Closet Land
1991,Cold Heaven
1991,The Commitments
1991,Company Business
1991,Cool as Ice
1991,Curly Sue
1991,The Dark Backward
1991,The Dark Wind
1991,Daughters of the Dust
1991,Dead Again
1991,Deceived
1991,Defending Your Life
1991,Defenseless
1991,Delirious
1991,Do or Die
1991,Doc Hollywood
1991,The Doctor
1991,Dogfight
1991,Don't Tell Mom the Babysitter's Dead
1991,The Doors
1991,Double Impact
1991,Drop Dead Fred
1991,Dutch
1991,Dying Young
1991,Edge of Honor
1991,Ernest Scared Stupid
1991,Eve of Destruction
1991,Eyes of an Angel
1991,F/X2
1991,Father of the Bride
1991,Final Approach
1991,The Fisher King
1991,The Five Heartbeats
1991,Flight of the Intruder
1991,For the Boys
1991,Frankie and Johnny
1991,Freddy's Dead: The Final Nightmare
1991,Fried Green Tomatoes
1991,Grand Canyon
1991,Guilty by Suspicion
1991,Hangin' with the Homeboys
1991,Hard Promises
1991,The Hard Way
1991,Harley Davidson and the Marlboro Man
1991,He Said, She Said
1991,Hear My Song
1991,Hearts of Darkness: A Filmmaker's Apocalypse
1991,The Heroes of Desert Storm
1991,Highlander II: The Quickening
1991,Highway 61
1991,The Hitman
1991,Homicide
1991,Hook
1991,Hot Shots!
1991,The Hours and Times
1991,House Party 2
1991,Hudson Hawk
1991,If Looks Could Kill
1991,The Indian Runner
1991,The Inner Circle
1991,JFK
1991,Johnny Suede
1991,Jungle Fever
1991,Kafka
1991,King Ralph
1991,A Kiss Before Dying
1991,L.A. Story
1991,The Last Boy Scout
1991,Liebestraum
1991,Life Stinks
1991,The Linguini Incident
1991,Little Man Tate
1991,Love Hurts
1991,Madonna: Truth or Dare
1991,The Man in the Moon
1991,The Marrying Man
1991,McBain
1991,Meet the Applegates
1991,Men of Respect
1991,Mississippi Masala
1991,Mobsters
1991,Mortal Thoughts
1991,My Girl
1991,My Own Private Idaho
1991,Mystery Date
1991,The Naked Gun 2½: The Smell of Fear
1991,Naked Lunch
1991,Necessary Roughness
1991,New Jack City
1991,Night on Earth
1991,Not Without My Daughter
1991,Nothing but Trouble
1991,The Object of Beauty
1991,Once Around
1991,One Good Cop
1991,Only the Lonely
1991,Oscar
1991,Other People's Money
1991,Out for Justice
1991,Paradise
1991,Paris Trout
1991,Pastime
1991,The People Under the Stairs
1991,Perfect Harmony
1991,The Perfect Weapon
1991,Point Break
1991,Poison
1991,The Prince of Tides
1991,Problem Child 2
1991,Puppet Master II
1991,Puppet Master III: Toulon's Revenge
1991,Pure Luck
1991,A Rage in Harlem
1991,Rambling Rose
1991,The Rapture
1991,Regarding Henry
1991,Return to the Blue Lagoon
1991,Ricochet
1991,Road to Ruin
1991,Robin Hood: Prince of Thieves
1991,The Rocketeer
1991,Rover Dangerfield
1991,Run
1991,Rush
1991,Scenes from a Mall
1991,Scissors
1991,Scorchers
1991,The Search for Signs of Intelligent Life in the Universe
1991,Sgt. Kabukiman N.Y.P.D.
1991,Shadows and Fog
1991,Shattered
1991,Shout
1991,Showdown in Little Tokyo
1991,The Silence of the Lambs
1991,Slacker
1991,Sleeping with the Enemy
1991,Soapdish
1991,Sometimes They Come Back
1991,Star Trek VI: The Undiscovered Country
1991,Stepping Out
1991,Stone Cold
1991,Straight Out of Brooklyn
1991,Strictly Business
1991,Suburban Commando
1991,The Super
1991,Switch
1991,The Taking of Beverly Hills
1991,Talent for the Game
1991,Talkin' Dirty After Dark
1991,Teenage Mutant Ninja Turtles II: The Secret of the Ooze
1991,Terminator 2: Judgment Day
1991,Thelma & Louise
1991,Together Alone
1991,Toy Soldiers
1991,Triple Bogey on a Par Five Hole
1991,True Colors
1991,True Identity
1991,Two Evil Eyes
1991,Victim of Love
1991,What About Bob?
1991,White Fang
1991,Whore
1991,Wild Hearts Can't Be Broken
1991,Year of the Gun
1992,1492: Conquest of Paradise
1992,1991: The Year Punk Broke
1992,3 Ninjas
1992,Aladdin
1992,Alien 3
1992,American Me
1992,Article 99
1992,The Babe
1992,Bad Lieutenant
1992,Basic Instinct
1992,Batman Returns
1992,Beauty and the Beast
1992,Bébé's Kids
1992,Beethoven
1992,Blame It on the Bellboy
1992,Blown Away
1992,Bob Roberts
1992,The Bodyguard
1992,Boomerang
1992,Brain Donors
1992,Bram Stoker's Dracula
1992,Buffy the Vampire Slayer
1992,Candyman
1992,Captain Ron
1992,Chain of Desire
1992,Chaplin
1992,Child of Rage
1992,Children of the Corn II: The Final Sacrifice
1992,Christopher Columbus: The Discovery
1992,Claire of the Moon
1992,Class Act
1992,Consenting Adults
1992,Cool World
1992,CrissCross
1992,Crossing the Bridge
1992,Cruel Doubt
1992,The Cutting Edge
1992,Death Becomes Her
1992,Deep Cover
1992,Diggstown
1992,The Distinguished Gentleman
1992,Dr. Giggles
1992,Encino Man
1992,Equinox
1992,Falling from Grace
1992,Far and Away
1992,FernGully: The Last Rainforest
1992,A Few Good Men
1992,Fifty/Fifty
1992,Final Analysis
1992,Folks!
1992,Forever Young
1992,Four Eyes and Six Guns
1992,Freejack
1992,Frozen Assets
1992,Gas Food Lodging
1992,Gladiator
1992,Glengarry Glen Ross
1992,The Gun in Betty Lou's Handbag
1992,The Hand That Rocks the Cradle
1992,Hero
1992,Highway to Hell
1992,Hoffa
1992,Home Alone 2: Lost in New York
1992,Honey, I Blew Up the Kid
1992,Honeymoon in Vegas
1992,Housesitter
1992,Husbands and Wives
1992,In the Soup
1992,Innocent Blood
1992,Into the Sun
1992,Jennifer 8
1992,Juice
1992,Just Another Girl on the I.R.T.
1992,Knight Moves
1992,Kuffs
1992,Ladybugs
1992,The Last of the Mohicans
1992,The Lawnmower Man
1992,A League of Their Own
1992,Leap of Faith
1992,Leaving Normal
1992,Lethal Weapon 3
1992,Light Sleeper
1992,Live Wire
1992,Lorenzo's Oil
1992,Love Crimes
1992,Love Field
1992,Love Potion No. 9
1992,Mac
1992,Mad at the Moon
1992,Malcolm X
1992,The Mambo Kings
1992,Man Bites Dog
1992,Man Trouble
1992,Meatballs 4
1992,Medicine Man
1992,Medusa: Dare to Be Truthful
1992,Memoirs of an Invisible Man
1992,Me, Myself & I
1992,A Midnight Clear
1992,The Mighty Ducks
1992,Miracle Beach
1992,Mistress
1992,Mo' Money
1992,Mom and Dad Save the World
1992,Monster in a Box
1992,Mr. Baseball
1992,Mr. Saturday Night
1992,Mrs. 'Arris Goes to Paris
1992,The Muppet Christmas Carol
1992,My Cousin Vinny
1992,My New Gun
1992,Nemesis
1992,Newsies
1992,Night and the City
1992,Nitrate Kisses
1992,Noises Off
1992,O Pioneers!
1992,Of Mice and Men
1992,Oh, What a Night
1992,Once Upon a Crime
1992,One False Move
1992,Only You
1992,Out on a Limb
1992,Passed Away
1992,Passenger 57
1992,Passion Fish
1992,Patriot Games
1992,Pet Sematary Two
1992,Pets or Meat: The Return to Flint
1992,Pinocchio
1992,The Playboys
1992,The Player
1992,Poison Ivy
1992,Post No Bills
1992,The Power of One
1992,Praying with Anger
1992,Prelude to a Kiss
1992,Primary Motive
1992,Prison Planet
1992,A Private Matter
1992,Prom Night IV: Deliver Us from Evil
1992,The Public Eye
1992,Pure Country
1992,Quicksand: No Escape
1992,Radio Flyer
1992,Rain Without Thunder
1992,Raising Cain
1992,Rapid Fire
1992,Red Rock West
1992,Reservoir Dogs
1992,The Resurrected
1992,Revenge of the Nerds III: The Next Generation
1992,A River Runs Through It
1992,Roadside Prophets
1992,RoboCop 3
1992,Rock-a-Doodle
1992,Ruby
1992,Samantha
1992,Samurai Vampire Bikers From Hell
1992,Scent of a Woman
1992,School Ties
1992,Seed People
1992,The Setting Sun
1992,Shakes the Clown
1992,Shining Through
1992,Shipwrecked
1992,Sidekicks
1992,Silent Night, Deadly Night 5: The Toy Maker
1992,Simple Men
1992,Sinatra
1992,Sinbad
1992,Single White Female
1992,Singles
1992,Sister Act
1992,Sleepwalkers
1992,Sneakers
1992,Society
1992,South Central
1992,The Spirit of Christmas
1992,Star Time
1992,Stay Tuned
1992,Stop! Or My Mom Will Shoot
1992,Stormy Weathers
1992,Storyville
1992,Straight Talk
1992,A Stranger Among Us
1992,Swoon
1992,That Night
1992,There Goes the Neighborhood
1992,This Is My Life
1992,The Three Musketeers
1992,Thumbelina
1992,Thunderheart
1992,Tiny Toon Adventures: How I Spent My Vacation
1992,To Grandmother's House We Go
1992,Tom and Jerry: The Movie
1992,Topsy and Bunker: The Cat Killers
1992,Toys
1992,Traces of Red
1992,Trespass
1992,The Tune
1992,The Turning
1992,Twin Peaks: Fire Walk with Me
1992,Under Siege
1992,Unforgiven
1992,Universal Soldier
1992,Unlawful Entry
1992,Used People
1992,Visions of Light
1992,The Waterdance
1992,Waxwork II: Lost in Time
1992,Wayne's World
1992,Where the Day Takes You
1992,Whispers in the Dark
1992,White Men Can't Jump
1992,White Sands
1992,Who Do I Gotta Kill?
1992,Wind
1992,The Witness
1992,The Year of the Comet
1992,Zebrahead
1993,Acting on Impulse
1993,Addams Family Values
1993,The Adventures of Huck Finn
1993,The Age of Innocence
1993,Aileen Wuornos: The Selling of a Serial Killer
1993,Airborne
1993,Alive
1993,Amos & Andrew
1993,Another Stakeout
1993,Arizona Dream
1993,Evil Dead 3: Army of Darkness
1993,Aspen Extreme
1993,The Ballad of Little Jo
1993,Bank Robber
1993,Batman: Mask of the Phantasm
1993,Beethoven's 2nd
1993,Benny & Joon
1993,Best of the Best 2
1993,The Beverly Hillbillies
1993,Blood In Blood Out
1993,Bodies, Rest & Motion
1993,Body of Evidence
1993,Body Snatchers
1993,Boiling Point
1993,Bopha!
1993,Born Yesterday
1993,Boxing Helena
1993,A Bronx Tale
1993,CB4
1993,Calendar Girl
1993,Cannibal! The Musical
1993,Carlito's Way
1993,The Cemetery Club
1993,Cliffhanger
1993,Coneheads
1993,Cool Runnings
1993,Cop and a Half
1993,The Crush
1993,Dangerous Game
1993,A Dangerous Woman
1993,The Dark Half
1993,Dave
1993,Dazed and Confused
1993,Deadfall
1993,Demolition Man
1993,Dennis the Menace
1993,Dragon: The Bruce Lee Story
1993,Ernest Rides Again
1993,Excessive Force
1993,Falling Down
1993,A Far Off Place
1993,Fatal Instinct
1993,Fearless
1993,Fire on the Amazon
1993,Fire in the Sky
1993,The Firm
1993,Flesh and Bone
1993,For Love or Money
1993,Free Willy
1993,The Fugitive
1993,Geronimo: An American Legend
1993,Gettysburg
1993,Ghost in the Machine
1993,The Good Son
1993,Groundhog Day
1993,Grumpy Old Men
1993,Guilty as Sin
1993,Happily Ever After
1993,Hard Target
1993,Heart and Souls
1993,Heaven & Earth
1993,Hexed
1993,Hocus Pocus
1993,A Home of Our Own
1993,Homeward Bound: The Incredible Journey
1993,Hot Shots! Part Deux
1993,House of Cards
1993,A House in the Hills
1993,The House of the Spirits
1993,In the Line of Fire
1993,In the Name of the Father
1993,Indecent Proposal
1993,Indian Summer
1993,Jack the Bear
1993,Jason Goes to Hell: The Final Friday
1993,Josh and S.A.M.
1993,Joshua Tree
1993,The Joy Luck Club
1993,Judgment Night
1993,Jurassic Park
1993,Kalifornia
1993,King of the Hill
1993,Last Action Hero
1993,Leprechaun
1993,Life with Mikey
1993,Loaded Weapon 1
1993,Lost in Yonkers
1993,M. Butterfly
1993,Mad Dog and Glory
1993,Made in America
1993,Malice
1993,The Man Without a Face
1993,Man's Best Friend
1993,Manhattan Murder Mystery
1993,Matinee
1993,Me and the Kid
1993,Menace II Society
1993,The Meteor Man
1993,Money for Nothing
1993,Mr. Jones
1993,Mr. Nanny
1993,Mr. Wonderful
1993,Mrs. Doubtfire
1993,Much Ado About Nothing
1993,The Music of Chance
1993,My Life
1993,Naked in New York
1993,Needful Things
1993,The Nightmare Before Christmas
1993,Nowhere to Run
1993,Once Upon a Forest
1993,Only the Strong
1993,The Pelican Brief
1993,A Perfect World
1993,Philadelphia
1993,The Piano
1993,Poetic Justice
1993,Point of No Return
1993,Posse
1993,The Program
1993,Public Access
1993,Puppet Master 4
1993,The Real McCoy
1993,Red Rock West
1993,The Remains of the Day
1993,Return of the Living Dead 3
1993,Rich in Love
1993,Rising Sun
1993,Robin Hood: Men in Tights
1993,RoboCop 3
1993,Romeo Is Bleeding
1993,Rookie of the Year
1993,Roosters
1993,Ruby Cairo
1993,Ruby in Paradise
1993,Rudy
1993,The Saint of Fort Washington
1993,The Sandlot
1993,Schindler's List
1993,Searching for Bobby Fischer
1993,Short Cuts
1993,Sister Act 2: Back in the Habit
1993,Six Degrees of Separation
1993,Slaughter of the Innocents
1993,Sleepless in Seattle
1993,Sliver
1993,Sniper
1993,So I Married an Axe Murderer
1993,Sommersby
1993,Son in Law
1993,Son of the Pink Panther
1993,Striking Distance
1993,Sunset Grill
1993,Super Mario Bros.
1993,Suture
1993,Swing Kids
1993,Teenage Mutant Ninja Turtles III
1993,The Temp
1993,Theremin: An Electronic Odyssey
1993,The Thing Called Love
1993,This Boy's Life
1993,The Three Musketeers
1993,Three of Hearts
1993,Tom and Jerry: The Movie
1993,Tombstone
1993,Totally F***ed Up
1993,True Romance
1993,Twenty Bucks
1993,Undercover Blues
1993,Untamed Heart
1993,The Vanishing
1993,The War Room
1993,Warlock: The Armageddon
1993,Watch It
1993,Wayne's World 2
1993,We're Back! A Dinosaur's Story
1993,The Wedding Banquet
1993,Weekend at Bernie's II
1993,What's Eating Gilbert Grape
1993,What's Love Got to Do with It
1993,Where's God When I'm S-Scared?
1993,White Wolves: A Cry in the Wild II
1993,Who's the Man?
1993,Wilder Napalm
1993,Woman of Desire
1993,Wrestling Ernest Hemingway
1993,The Wrong Man
1993,Younger and Younger
1994,3 Chains o' Gold
1994,3 Ninjas Kick Back
1994,8 Seconds
1994,Above the Rim
1994,Abraham
1994,Ace Ventura: Pet Detective
1994,Africa: The Serengeti
1994,The Air Up There
1994,Airheads
1994,Alien Nation: Dark Horizon
1994,Amateur
1994,Andre
1994,Angels in the Outfield
1994,Angie
1994,Another Midnight Run
1994,Baby's Day Out
1994,Bad Girls
1994,Bar Girls
1994,Barcelona
1994,Beretta's Island
1994,Beverly Hills Cop III
1994,The Birds II: Land's End
1994,Black Beauty
1994,Blank Check
1994,Blankman
1994,Blind Justice
1994,Blink
1994,Bloodfist V: Human Target
1994,Bloodlust: Subspecies III
1994,Blown Away
1994,Blue Chips
1994,Blue Sky
1994,Brainscan
1994,Breach of Conduct
1994,Breathing Lessons
1994,Bullets Over Broadway
1994,Cabin Boy
1994,Camp Nowhere
1994,Cancer Wars
1994,Car 54, Where Are You?
1994,Chariots of Fur
1994,The Chase
1994,Chasers
1994,China Moon
1994,Cinderella
1994,City Slickers II: The Legend of Curly's Gold
1994,Class of Nuke 'Em High 3: The Good, the Bad and the Subhumanoid
1994,Clean, Shaven
1994,Clean Slate
1994,Clear and Present Danger
1994,Clerks
1994,The Client
1994,Clifford
1994,Cobb
1994,Color of Night
1994,Confessions of a Sorority Girl
1994,The Cool Surface
1994,Cool and the Crazy
1994,Cops and Robbersons
1994,Corrina, Corrina
1994,The Cowboy Way
1994,The Cremaster Cycle
1994,Crooklyn
1994,The Crow
1994,Crumb
1994,Cyborg 3: The Recycler
1994,D2: The Mighty Ducks
1994,The Dallas Connection
1994,Deadly Target
1994,Death and the Maiden
1994,Death Wish V: The Face of Death
1994,Disclosure
1994,Don't Drink the Water
1994,Doomsday Gun
1994,Double Dragon
1994,Dream Lover
1994,Drop Zone
1994,Dumb and Dumber
1994,Ed Wood
1994,Emmanuelle in Space
1994,Even Cowgirls Get the Blues
1994,Exit to Eden
1994,F.T.W.
1994,The Fantastic Four
1994,Fast Getaway II
1994,The Favor
1994,Fear of a Black Hat
1994,The Flintstones
1994,The Foot Shooting Party
1994,The Force
1994,Forrest Gump
1994,Frank & Jesse
1994,Fresh
1994,Gang War: Bangin' In Little Rock
1994,Gary Larson's Tales from the Far Side
1994,The Getaway
1994,Getting Even with Dad
1994,The Gift
1994,The Girlie Show - Live Down Under
1994,Go Fish
1994,God Wants Me To Forgive Them!?!
1994,Golden Gate
1994,Greedy
1994,Guarding Tess
1994,Guinevere
1994,Gunmen
1994,Hail Caesar
1994,Hated: GG Allin and the Murder Junkies
1994,The Hidden II
1994,Highlander III: The Sorcerer
1994,Holy Matrimony
1994,Honey, I Shrunk the Audience
1994,Hoop Dreams
1994,House Party 3
1994,How the West Was Fun
1994,The Hudsucker Proxy
1994,I Don't Hate Las Vegas Anymore
1994,I Like It Like That
1994,I Love Trouble
1994,I'll Do Anything
1994,I.Q.
1994,Imaginary Crimes
1994,Immortal Beloved
1994,In Search of Dr. Seuss
1994,In the Army Now
1994,The Inkwell
1994,Intersection
1994,Interview with the Vampire: The Vampire Chronicles
1994,Iron Will
1994,Is There Life Out There?
1994,It Could Happen to You
1994,It Don't Cost Nothin' to Say Good Morning
1994,It's Pat
1994,Jacob
1994,Jason's Lyric
1994,Jimmy Hollywood
1994,Junior
1994,Kickboxer 4
1994,Kill the Moonlight
1994,Killing Zoe
1994,Knight Rider 2010
1994,The Land Before Time II: The Great Valley Adventure
1994,Lassie
1994,The Last Seduction
1994,Legends of the Fall
1994,Leprechaun 2
1994,Life with Billy
1994,The Lion King
1994,Little Big League
1994,Little Buddha
1994,Little Giants
1994,Little Odessa
1994,The Little Rascals
1994,Little Women
1994,Love Affair
1994,Love and a .45
1994,A Low Down Dirty Shame
1994,The Lurking Fear
1994,Major League II
1994,Mary Shelley's Frankenstein
1994,The Mask
1994,Maverick
1994,Men of War
1994,Midnight Run for Your Life
1994,Midnight Runaround
1994,Milk Money
1994,A Million to Juan
1994,Miracle on 34th Street
1994,Mixed Nuts
1994,Molly & Gina
1994,Monkey Trouble
1994,The Monster
1994,Mrs. Parker and the Vicious Circle
1994,Multi-Facial
1994,My Father the Hero
1994,My Girl 2
1994,My Summer Story
1994,Naked Gun 33⅓: The Final Insult
1994,National Lampoon's Last Resort
1994,Natural Born Killers
1994,Nell
1994,The NeverEnding Story III
1994,The Next Karate Kid
1994,No Dessert, Dad, till You Mow the Lawn
1994,No Escape
1994,Nobody's Fool
1994,North
1994,On Deadly Ground
1994,One Survivor Remembers
1994,Only You
1994,Out of Darkness
1994,PCU
1994,The Pagemaster
1994,The Paper
1994,Party
1994,Pentathlon
1994,Pet Shop
1994,Phantasm III: Lord of the Dead
1994,Police Academy: Mission to Moscow
1994,Pontiac Moon
1994,Prêt-à-Porter
1994,Princess Caraboo
1994,Pulp Fiction
1994,Pumpkinhead II: Blood Wings
1994,Puppet Master 5: The Final Chapter
1994,The Puppet Masters
1994,Quiz Show
1994,Radio Inside
1994,Radioland Murders
1994,Rapa Nui
1994,Raw Justice
1994,Reality Bites
1994,The Ref
1994,Renaissance Man
1994,The Return of Jafar
1994,Revenge of the Nerds IV: Nerds in Love
1994,Richie Rich
1994,The River Wild
1994,The Road to Wellville
1994,Roadracers
1994,Romeo Is Bleeding
1994,Roswell
1994,The Jungle Book
1994,S.F.W.
1994,The Santa Clause
1994,Scooby-Doo in Arabian Nights
1994,The Scout
1994,The Search for One-eye Jimmy
1994,The Secret of Roan Inish
1994,Serial Mom
1994,The Shadow
1994,Shatter Dead
1994,The Shawshank Redemption
1994,The Silence of the Hams
1994,Silent Fall
1994,Silent Tongue
1994,A Simple Twist of Fate
1994,Sioux City
1994,Sleep with Me
1994,Spanking the Monkey
1994,The Specialist
1994,Speechless
1994,Speed
1994,Squanto: A Warrior's Tale
1994,The Stand
1994,Star Trek Generations
1994,Stargate
1994,Street Fighter
1994,The Stoned Age
1994,Sugar Hill
1994,Surviving the Game
1994,The Swan Princess
1994,Swimming with Sharks
1994,Teresa's Tattoo
1994,Terminal Velocity
1994,Texas Chainsaw Massacre: The Next Generation
1994,That's Entertainment! III
1994,Threesome
1994,Thumbelina
1994,Time Chasers
1994,A Time to Heal
1994,Timecop
1994,Tom & Viv
1994,Trapped in Paradise
1994,A Troll in Central Park
1994,Troublemakers
1994,True Lies
1994,Undefeatable
1994,Vanya on 42nd Street
1994,The Visual Bible: Acts
1994,Wagons East!
1994,The War
1994,Wes Craven's New Nightmare
1994,When a Man Loves a Woman
1994,White Fang 2: Myth of the White Wolf
1994,Whore II
1994,Widows' Peak
1994,With Honors
1994,Without Warning
1994,Witness to the Execution
1994,Wolf
1994,World and Time Enough
1994,Wyatt Earp
1994,The Yearling
1994,You So Crazy
1995,3 Ninjas Knuckle Up
1995,Above Suspicion
1995,Ace Ventura: When Nature Calls
1995,The Addiction
1995,Aladdin and the King of Thieves
1995,Amanda and the Alien
1995,The Amazing Panda Adventure
1995,The American President
1995,Angela
1995,Angels and Insects
1995,Angus
1995,Apollo 13
1995,Assassins
1995,Attack of the 60 Foot Centerfold
1995,Aurora: Operation Intercept
1995,Babe
1995,The Baby-Sitters Club
1995,Bad Boys
1995,Bad Company
1995,Balto
1995,Bang
1995,The Basketball Diaries
1995,Batman Forever
1995,Baywatch the Movie: Forbidden Paradise
1995,Before Sunrise
1995,Beyond Rangoon
1995,The Big Green
1995,Billy Madison
1995,Black Scorpion
1995,Bloodfist VI: Ground Zero
1995,Bloodfist VII: Manhunt
1995,Blue in the Face
1995,Born to Be Wild
1995,Boys Life
1995,Boys on the Side
1995,The Brady Bunch Movie
1995,Braveheart
1995,The Bridges of Madison County
1995,The Brothers McMullen
1995,A Bucket of Blood
1995,Bushwhacked
1995,Bye Bye Love
1995,Canadian Bacon
1995,Candyman 2: Farewell to the Flesh
1995,Carnosaur 2
1995,Casino
1995,Casper
1995,Castle Freak
1995,Catherine the Great
1995,The Celluloid Closet
1995,The Chicken from Outer Space
1995,Children of the Corn III: Urban Harvest
1995,Citizen X
1995,Clockers
1995,Clueless
1995,Coldblooded
1995,The Computer Wore Tennis Shoes
1995,Congo
1995,Copycat
1995,Cover Me
1995,Crimson Tide
1995,The Crossing Guard
1995,Cry, the Beloved Country
1995,The Cure
1995,Cutthroat Island
1995,Cyborg Cop II
1995,Dangerous Minds
1995,Dead Man
1995,Dead Man Walking
1995,Dead Presidents
1995,Demon Knight
1995,Desperado
1995,Devil in a Blue Dress
1995,Die Hard with a Vengeance
1995,Dolores Claiborne
1995,Don Juan DeMarco
1995,Don't Hang Up, Tough Guy!
1995,The Doom Generation
1995,Dr. Jekyll and Ms. Hyde
1995,Dracula: Dead and Loving It
1995,Dream a Little Dream 2
1995,The Dying Rooms
1995,Ebbie
1995,Empire Records
1995,Escape to Witch Mountain
1995,Evolver
1995,Eyes Beyond Seeing
1995,Faces of Death 5
1995,Fair Game
1995,Fall Time
1995,Far from Home: The Adventures of Yellow Dog
1995,Father of the Bride Part II
1995,First Knight
1995,Flirt
1995,Fluke
1995,Forget Paris
1995,Four Rooms
1995,Free Willy 2: The Adventure Home
1995,French Kiss
1995,Friday
1995,Friendship's Field
1995,Frisk
1995,From the Journals of Jean Seberg
1995,From the Mixed-Up Files of Mrs. Basil E. Frankweiler
1995,Full Body Massage
1995,Funny Bones
1995,The Gate of Heavenly Peace
1995,Georgia
1995,Get Shorty
1995,The Glass Shield
1995,Go Now
1995,Gold Diggers: The Secret of Bear Mountain
1995,A Goofy Movie
1995,Gordy
1995,The Great Mom Swap
1995,Grumpier Old Men
1995,Gumby: The Movie
1995,Hackers
1995,Halloween: The Curse of Michael Myers
1995,Harrison Bergeron
1995,Haunted
1995,Heat
1995,Heavy
1995,Heavyweights
1995,Here Come The Munsters
1995,Hideaway
1995,High on Crack Street
1995,Higher Learning
1995,The Hills Have Eyes III
1995,Home Movies
1995,Home for the Holidays
1995,Houseguest
1995,How to Make an American Quilt
1995,Howling: New Moon Rising
1995,The Hunted
1995,Ice Cream Man
1995,The Immortals
1995,In the Mouth of Madness
1995,The Incredibly True Adventure of Two Girls in Love
1995,The Indian in the Cupboard
1995,Indictment: The McMartin Trial
1995,The Infiltrator
1995,It Takes Two
1995,Jack-O
1995,Jade
1995,Jefferson in Paris
1995,Jeffrey
1995,The Jerky Boys: The Movie
1995,Johnny Mnemonic
1995,Joseph
1995,Josh Kirby... Time Warrior!
1995,Judge Dredd
1995,Jumanji
1995,Jury Duty
1995,Just Cause
1995,Kicking and Screaming
1995,A Kid in King Arthur's Court
1995,Kidnapped
1995,Kids
1995,Kiss of Death
1995,The Land Before Time III: The Time of the Great Giving
1995,The Last Supper
1995,Last of the Dogmen
1995,Leaving Las Vegas
1995,Let It Be Me
1995,Life 101
1995,A Little Princess
1995,Live Nude Girls
1995,Living in Oblivion
1995,The Living Sea
1995,Liz: The Elizabeth Taylor Story
1995,Lord of Illusions
1995,Losing Isaiah
1995,Mad Love
1995,The Maddening
1995,Magic in the Water
1995,Magic Island (film)
1995,Major Payne
1995,Mallrats
1995,Man of the House
1995,Man of the Year
1995,The Mangler
1995,Margaret's Museum
1995,Message to Love
1995,Miami Rhapsody
1995,A Midwinter's Tale
1995,Mighty Aphrodite
1995,Mighty Morphin Power Rangers: The Movie
1995,Money Train
1995,Monster Mash
1995,Moonlight and Valentino
1995,Mortal Kombat
1995,Mortal Kombat: The Journey Begins
1995,Mr. Holland's Opus
1995,Multi-Facial
1995,Murder in the First
1995,My Antonia
1995,My Family
1995,National Lampoon's Senior Trip
1995,The Nature of the Beast
1995,The Net
1995,Never Talk to Strangers
1995,New Jersey Drive
1995,Nick of Time
1995,Night Watch
1995,The Night and the Moment
1995,Nine Months
1995,Nixon
1995,No Exit
1995,The Nona Tapes
1995,Now and Then
1995,Operation Dumbo Drop
1995,Othello
1995,The Other Woman
1995,Outbreak
1995,Palookaville
1995,Panther
1995,Parallel Sons
1995,Party Girl
1995,The Passion of Darkly Noon
1995,Payback
1995,The Pebble and the Penguin
1995,The Perez Family
1995,A Personal Journey with Martin Scorsese Through American Movies
1995,Persuasion
1995,Picture Bride
1995,Piranha
1995,Pocahontas
1995,Powder
1995,The Power Within
1995,Problem Child 3: Junior in Love
1995,The Prophecy
1995,The Quick and the Dead
1995,Rack, Shack, and Benny
1995,Reckless
1995,Requiem
1995,Restoration
1995,Rob Roy
1995,Roommates
1995,Runaway Brain
1995,Sabrina
1995,Safe
1995,Sailor Moon SuperS movie
1995,The Scarlet Letter
1995,Screamers
1995,Seven
1995,The Set-Up
1995,Shock Treatment
1995,Showgirls
1995,Skin
1995,Slam Dunk Ernest
1995,Slave of Dreams
1995,Sleepstalker
1995,Smoke
1995,Soldier Boyz
1995,Something to Talk About
1995,Species
1995,Spin
1995,The Spirit of Christmas
1995,The Stars Fell on Henrietta
1995,Stonewall
1995,Strange Days
1995,Stuart Saves His Family
1995,Sudden Death
1995,The Surrogate
1995,Tales from the Hood
1995,Tall Tale
1995,Tank Girl
1995,Theodore Rex
1995,The Thief and the Cobbler
1995,Things to Do in Denver When You're Dead
1995,Three Wishes
1995,The Tie That Binds
1995,To Die For
1995,To Wong Foo, Thanks for Everything! Julie Newmar
1995,To the Limit
1995,Tom and Huck
1995,Tommy Boy
1995,Top Dog
1995,Toy Story
1995,Trinity and Beyond
1995,Truman
1995,Twelve Monkeys
1995,Two Bits
1995,Under Siege 2: Dark Territory
1995,Underneath
1995,Unzipped
1995,The Usual Suspects
1995,Vampire in Brooklyn
1995,Village of the Damned
1995,Virtuosity
1995,Waiting to Exhale
1995,A Walk in the Clouds
1995,The Walking Dead
1995,Waterworld
1995,Welcome to the Dollhouse
1995,The West Side Waltz
1995,While You Were Sleeping
1995,White Man's Burden
1995,The Wife
1995,Wigstock: The Movie
1995,Wild Bill
1995,Wild Side
1995,Wings of Courage
1995,Without Evidence
1995,The Wrong Woman
1996,101 Dalmatians
1996,2 Days in the Valley
1996,Adrenalin: Fear the Rush
1996,The Adventures of Pinocchio
1996,Aladdin and the King of Thieves
1996,Alaska
1996,Alien Nation: Millennium
1996,Alien Nation: The Enemy Within
1996,All Dogs Go to Heaven 2
1996,Amityville Dollhouse
1996,Andersonville
1996,The Arrival
1996,The Associate
1996,August
1996,Back to Back
1996,Bad Moon
1996,Barb Wire
1996,Basquiat
1996,Bastard Out of Carolina
1996,The Beast
1996,Beautiful Girls
1996,Beavis and Butt-Head Do America
1996,Bed of Roses
1996,Before and After
1996,Best of the Best 3: No Turning Back
1996,Big Bully
1996,Big Night
1996,Bio-Dome
1996,The Birdcage
1996,Black Sheep
1996,Black Sun
1996,Blood Brothers
1996,Blood and Wine
1996,Bloodsport II: The Next Kumite
1996,Bottle Rocket
1996,Bound
1996,Box of Moon Light
1996,Boys
1996,The Boys Next Door
1996,Brain Candy
1996,Brassed Off
1996,Breaking the Waves
1996,Broken Arrow
1996,Bullet
1996,Bulletproof
1996,Busted
1996,Butch Camp
1996,The Cable Guy
1996,Camp Stories
1996,Cannes Man
1996,Cannibal! The Musical
1996,Carnosaur 3: Primal Species
1996,Carpool
1996,Carried Away
1996,Celtic Pride
1996,Chain Reaction
1996,The Chamber
1996,The Cherokee Kid
1996,Children of the Corn IV: The Gathering
1996,Christmas Every Day
1996,Cinema Europe: The Other Hollywood
1996,Citizen Ruth
1996,City Hall
1996,Clancy's Kitchen
1996,Close Up
1996,Color of a Brisk and Leaping Day
1996,Cosmic Voyage
1996,Courage Under Fire
1996,The Craft
1996,Crossworlds
1996,The Cremaster Cycle
1996,The Crow: City of Angels
1996,The Crucible
1996,Curdled
1996,D3: The Mighty Ducks
1996,Daddy's Girl
1996,Dallas: J.R. Returns
1996,Daylight
1996,The Daytrippers
1996,Dead Man's Island
1996,Deadly Outbreak
1996,Dear Diary
1996,Dear God
1996,Death and the Compass
1996,Demolition High
1996,Denise Calls Up
1996,The Dentist
1996,Diabolique
1996,Diary of a Camper
1996,Don't Be a Menace to South Central While Drinking Your Juice in the Hood
1996,Don't Look Back
1996,Dorf on the Diamond
1996,Down Periscope
1996,Dragonheart
1996,Drawing Flies
1996,Dream for an Insomniac
1996,Dunston Checks In
1996,East Palace, West Palace
1996,Ed
1996,Ed's Next Move
1996,Eddie
1996,Emma
1996,The Empty Mirror
1996,The English Patient
1996,Entertaining Angels: The Dorothy Day Story
1996,Eraser
1996,Escape from L.A.
1996,The Evening Star
1996,Everyone Says I Love You
1996,Evita
1996,Executive Decision
1996,Extreme Measures
1996,Eye for an Eye
1996,The Face
1996,Faces of Death VI
1996,Faithful
1996,A Family Thing
1996,The Fan
1996,Fargo
1996,Fear
1996,Feeling Minnesota
1996,Fetishes
1996,Fever Lake
1996,Fire on the Mountain
1996,First Kid
1996,The First Wives Club
1996,Fled
1996,Flipper
1996,Flirting with Disaster
1996,Fly Away Home
1996,Follow Me Home
1996,For Hope
1996,Foxfire
1996,Freeway
1996,Frequent Flyer
1996,The Frighteners
1996,From Dusk Till Dawn
1996,Frostbiter: Wrath of the Wendigo
1996,The Funeral
1996,Gang in Blue
1996,Generation X
1996,Get on the Bus
1996,Getting Away with Murder
1996,The Ghost and the Darkness
1996,Ghosts of Mississippi
1996,Giant Mine
1996,Girl 6
1996,Girls Town
1996,The Glimmer Man
1996,Gone in the Night
1996,Gotti
1996,Grace of My Heart
1996,The Grave
1996,Gray's Anatomy
1996,The Great White Hype
1996,Hamlet
1996,Happy Gilmore
1996,Hard Eight
1996,Harriet the Spy
1996,Heaven's Prisoners
1996,Heidi Fleiss: Hollywood Madam
1996,Hellraiser: Bloodline
1996,High School High
1996,Homeward Bound II: Lost in San Francisco
1996,House Arrest
1996,The Hunchback of Notre Dame
1996,Hustler White
1996,Hype!
1996,I Love You, I Love You Not
1996,I Shot Andy Warhol
1996,I'm Not Rappaport
1996,If Lucy Fell
1996,If These Walls Could Talk
1996,In Cold Blood
1996,In Love and War
1996,Independence Day
1996,Infinity
1996,Irma Vep
1996,The Island of Dr. Moreau
1996,It's My Party
1996,Jack
1996,Jake's Women
1996,James and the Giant Peach
1996,Jane Eyre
1996,Jerry Maguire
1996,Jimmy Zip
1996,Jingle All the Way
1996,Joe's Apartment
1996,Johns
1996,The Juror
1996,Kama Sutra: A Tale of Love
1996,Kansas City
1996,Kazaam
1996,Killer: A Journal of Murder
1996,Kingpin
1996,Kounterfeit
1996,The Land Before Time IV: Journey Through the Mists
1996,Larger Than Life
1996,The Last Angel of History
1996,Last Dance
1996,The Last Days of Frankie the Fly
1996,Last Man Standing
1996,The Late Shift
1996,The Lawnmower Man 2: Beyond Cyberspace
1996,Lewis and Clark and George
1996,The Little Riders
1996,Little Witches
1996,Loch Ness
1996,London Suite
1996,Lone Star
1996,Long Day's Journey Into Night
1996,The Long Kiss Goodnight
1996,Looking for Richard
1996,Love Is All There Is
1996,Lumière and Company
1996,Mad Dog Time
1996,Magenta
1996,Malicious
1996,The Man Who Captured Eichmann
1996,Manny & Lo
1996,Mars Attacks!
1996,Marvin's Room
1996,Mary Reilly
1996,Matilda
1996,Maximum Risk
1996,Memory Run
1996,Merlin's Shop of Mystical Wonders
1996,Michael
1996,The Mirror Has Two Faces
1996,Mission: Impossible
1996,Mojave Moon
1996,Moll Flanders
1996,Mother
1996,Mother Night
1996,A Mother's Instinct
1996,Mr. Wrong
1996,Mrs. Santa Claus
1996,Mrs. Winterbourne
1996,Mulholland Falls
1996,Multiplicity
1996,Muppet Treasure Island
1996,My Fellow Americans
1996,Mystery Science Theater 3000: The Movie
1996,The Night Hunter
1996,Norma Jean & Marilyn
1996,The Nutty Professor
1996,One Fine Day
1996,The One That Got Away
1996,Orientation
1996,Original Gangstas
1996,Our Son, the Matchmaker
1996,The Pallbearer
1996,Pandora's Clock
1996,Paradise Lost: The Child Murders at Robin Hood Hills
1996,The People vs. Larry Flynt
1996,The Phantom
1996,Phat Beach
1996,Phenomenon
1996,Pie in the Sky
1996,Pinocchio's Revenge
1996,Poison Ivy II: Lily
1996,The Pompatus of Love
1996,The Portrait of a Lady
1996,The Preacher's Wife
1996,Primal Fear
1996,The Proprietor
1996,Public Enemies
1996,Puddle Cruiser
1996,The Quest
1996,Race the Sun
1996,Ransom
1996,Rasputin: Dark Servant of Destiny
1996,Red Ribbon Blues
1996,Return of Techno-Destructo
1996,The Rich Man's Wife
1996,Riders of the Purple Sage
1996,The Rock
1996,Sabrina the Teenage Witch
1996,Samson and Delilah
1996,Santa Claws
1996,Santa with Muscles
1996,Schizopolis
1996,Scream
1996,Set It Off
1996,Sgt. Bilko
1996,She Cried No
1996,She's the One
1996,Shiloh
1996,Silent Trigger
1996,Skin & Bone
1996,Sleepers
1996,Sling Blade
1996,Snowboard Academy
1996,Solo
1996,Sometimes They Come Back... Again
1996,Space Jam
1996,Space Truckers
1996,Special Effects: Anything Can Happen
1996,The Spitfire Grill
1996,Spy Hard
1996,Star Trek: First Contact
1996,Stealing Beauty
1996,Stolen Memories: Secrets from the Rose Garden
1996,A Story of Healing
1996,Striptease
1996,The Stupids
1996,The Substance of Fire
1996,The Substitute
1996,The Sunchaser
1996,Sunset Park
1996,Surviving Picasso
1996,Susie Q
1996,Sweet Temptation
1996,Swingers
1996,Tales of Erotica
1996,Talk to Me
1996,Tender Fictions
1996,That Thing You Do!
1996,A Thin Line Between Love and Hate
1996,Thinner
1996,Ticket to New Year's
1996,A Time to Kill
1996,Tin Cup
1996,Titanic
1996,To Brave Alaska
1996,To Gillian on Her 37th Birthday
1996,To Sir, with Love II
1996,Toad Warrior
1996,The Toilers and the Wayfarers
1996,Tornado!
1996,Trees Lounge
1996,Tremors 2: Aftershocks
1996,The Trigger Effect
1996,Trilogy of Terror II
1996,Tromeo and Juliet
1996,True Crime
1996,The Truth About Cats & Dogs
1996,Twisted Desire
1996,Twister
1996,Two Much
1996,Unforgettable
1996,Unhook the Stars
1996,Unlikely Angel
1996,Up Close & Personal
1996,A Very Brady Sequel
1996,Walking and Talking
1996,The War at Home
1996,The Watermelon Woman
1996,Wedding Bell Blues
1996,Werewolf
1996,When We Were Kings
1996,White Squall
1996,The Whole Wide World
1996,William Shakespeare's Romeo + Juliet
1996,Windsor Protocol
1996,The Winner
1996,Wish Upon a Star
1996,Your Studio and You
1997,…First Do No Harm
1997,12 Angry Men
1997,20,000 Leagues Under the Sea
1997,20,000 Leagues Under the Sea
1997,4 Little Girls
1997,8 Heads in a Duffel Bag
1997,Aberration
1997,Absolute Power
1997,Addicted to Love
1997,Afterglow
1997,Against the Law
1997,Air Force One
1997,The Alarmist
1997,Alaska: Spirit of the Wild
1997,Albino Alligator
1997,Alien Resurrection
1997,Alien Nation: The Udara Legacy
1997,All Over Me
1997,American Perfekt
1997,An Alan Smithee Film: Burn Hollywood Burn
1997,An American Werewolf in Paris
1997,Amistad
1997,Anaconda
1997,Anastasia
1997,Angels in the Endzone
1997,Anna Karenina
1997,Anthem to Beauty
1997,The Apostle
1997,As Good as It Gets
1997,The Assignment
1997,Asteroid
1997,Austin Powers: International Man of Mystery
1997,B*A*P*S
1997,Back in Business
1997,Bang
1997,Batman and Robin
1997,Bean
1997,The Beautician and the Beast
1997,Beauty and the Beast: The Enchanted Christmas
1997,Below Utopia
1997,The Best Bad Thing
1997,Best Men
1997,A Better Place
1997,Beverly Hills Ninja
1997,The Big One
1997,Black Scorpion II: Aftershock
1997,The Blood Oranges
1997,Bloodsport III
1997,Bongwater
1997,Boogie Boy
1997,Boogie Nights
1997,Booty Call
1997,The Boxer
1997,Boys Life 2
1997,The Brave
1997,Breakdown
1997,Breast Men
1997,Broadway Damage
1997,A Brooklyn State of Mind
1997,Buddy
1997,The Butcher Boy
1997,Campfire Tales
1997,Cannibal Rollerbabes
1997,Casper: A Spirited Beginning
1997,Cats Don't Dance
1997,Chasing Amy
1997,Chicago Cab
1997,Chinese Box
1997,A Christmas Carol
1997,City of Industry
1997,Clockwatchers
1997,Commandments
1997,Common Bonds
1997,Con Air
1997,Conspiracy Theory
1997,Contact
1997,Cop Land
1997,Coven
1997,Crayola Kids Adventures
1997,The Cremaster Cycle
1997,Crossed Swords
1997,Crowned and Dangerous
1997,Danger Zone
1997,Dangerous Ground
1997,Dante's Peak
1997,Deconstructing Harry
1997,Def Jam's How to Be a Player
1997,Defying Gravity
1997,Demolition University
1997,Detective Conan: The Time-Bombed Skyscraper
1997,The Devil's Advocate
1997,Different Strokes
1997,Dogtown
1997,Donnie Brasco
1997,Double Team
1997,Dream with the Fishes
1997,The Edge
1997,Eight Days a Week
1997,Elevated
1997,Elvis Meets Nixon
1997,The End of Violence
1997,Ernest Goes to Africa
1997,Eve's Bayou
1997,Event Horizon
1997,The Ex
1997,Excess Baggage
1997,Face/Off
1997,FairyTale: A True Story
1997,Fakin' Da Funk
1997,Fast, Cheap and Out of Control
1997,Fathers' Day
1997,Favorite Son
1997,Fierce Creatures
1997,The Fifth Element
1997,Fire Down Below
1997,Firehouse
1997,Firelight
1997,First Time Felon
1997,Flash
1997,Flubber
1997,Flying Saucer Rock'n'Roll
1997,Free Willy 3: The Rescue
1997,Fools Rush In
1997,For Richer or Poorer
1997,Full Tilt Boogie
1997,Future War
1997,G.I. Jane
1997,The Game
1997,Gang Related
1997,Gattaca
1997,George Wallace
1997,George of the Jungle
1997,Geri's Game
1997,Get a Clue
1997,Ghosts
1997,Going All the Way
1997,Gone Fishin'
1997,Good Burger
1997,Good Will Hunting
1997,Goodbye America
1997,Grateful Dead: Downhill from Here
1997,Gridlock'd
1997,Grosse Pointe Blank
1997,Hacks
1997,Hands on a Hard Body: The Documentary
1997,Hard Eight
1997,Hav Plenty
1997,Henry Fool
1997,Hercules
1997,Highball
1997,Hitler
1997,Home Alone 3
1997,Honey, We Shrunk Ourselves
1997,Hoodlum
1997,The House of Yes
1997,Hugo Pool
1997,Hurricane Streets
1997,I Know What You Did Last Summer
1997,I Married a Strange Person!
1997,I'm Bout It
1997,The Ice Storm
1997,In & Out
1997,In the Company of Men
1997,In the Gloaming
1997,Inferno
1997,The Informant
1997,Intensity
1997,Inventing the Abbotts
1997,It's In the Water
1997,The Jackal
1997,Jackie Brown
1997,Jane Eyre
1997,Jungle 2 Jungle
1997,Jungle Emperor Leo
1997,Just in Time
1997,Just Write
1997,Justice League of America
1997,Keeping the Promise
1997,Keys to Tulsa
1997,Kiss the Girls
1997,Knockin' On Heaven's Door
1997,Kull the Conqueror
1997,Kundun
1997,L.A. Confidential
1997,The Land Before Time V: The Mysterious Island
1997,Last Stand at Saber River
1997,The Last Time I Committed Suicide
1997,Latter-Day Saints
1997,Lawn Dogs
1997,Leave It to Beaver
1997,Leprechaun 4: In Space
1997,Lewis and Clark and George
1997,Liar Liar
1997,Liberty!
1997,A Life Less Ordinary
1997,Little City
1997,Little Red Riding Hood
1997,Lolita
1997,Lost Highway
1997,The Lost World: Jurassic Park
1997,Love Jones
1997,Love and Death on Long Island
1997,Love! Valour! Compassion!
1997,Lovelife
1997,Lucky Three
1997,MPG: Motion Picture Genocide
1997,Mad City
1997,The Man Who Knew Too Little
1997,Masterminds
1997,The MatchMaker
1997,McHale's Navy
1997,Mean Guns
1997,Meet Wally Sparks
1997,The Member of the Wedding
1997,Men in Black
1997,Men with Guns
1997,Metro
1997,The Midas Touch
1997,Midnight in the Garden of Good and Evil
1997,Mighty Ducks the Movie: The First Face-Off
1997,Mimic
1997,Miss Evers' Boys
1997,Money Talks
1997,Monty Roberts: A Real Horse Whisperer
1997,Mortal Kombat: Annihilation
1997,Most Wanted
1997,MouseHunt
1997,Mr. Magoo
1997,Mrs Dalloway
1997,Murder at 1600
1997,My Best Friend's Wedding
1997,My Teacher Ate My Homework
1997,The Myth of Fingerprints
1997,Nevada
1997,Niagara, Niagara
1997,Night Falls on Manhattan
1997,The Night Flier
1997,Night of the Demons 3
1997,Nightwatch
1997,Northern Lights
1997,Nothing to Lose
1997,Nowhere
1997,The Odyssey
1997,Office Killer
1997,Oliver Twist
1997,Omega Doom
1997,On the 2nd Day of Christmas
1997,On the Edge of Innocence
1997,One Eight Seven
1997,One Night Stand
1997,Orgazmo
1997,Oscar and Lucinda
1997,Out to Sea
1997,Painted Angels
1997,Paradise Road
1997,The Peacemaker
1997,Perfect Body
1997,The Pest
1997,Picture Perfect
1997,Playing God
1997,Poison Ivy: The New Seduction
1997,Police 2020
1997,Pooh's Grand Adventure: The Search for Christopher Robin
1997,The Postman
1997,Preaching to the Perverted
1997,Prefontaine
1997,Pressurecooker
1997,Private Parts
1997,Pullet Surprise
1997,Quicksilver Highway
1997,Quiet Days in Hollywood
1997,The Rainmaker
1997,Red Corner
1997,The Relic
1997,A River Made to Drown In
1997,Robinson Crusoe
1997,RocketMan
1997,Romy and Michele's High School Reunion
1997,Rosewood
1997,Rough Riders
1997,Running Time
1997,Sick: The Life and Death of Bob Flanagan, Supermasochist
1997,The Saint
1997,Saint-Ex
1997,Scream 2
1997,The Second Jungle Book: Mowgli & Baloo
1997,Selena
1997,Seven Years in Tibet
1997,Shadow Conspiracy
1997,She's So Lovely
1997,Shrieker
1997,A Simple Wish
1997,Six Ways to Sunday
1997,The 6th Man
1997,A Smile Like Yours
1997,Snow White: A Tale of Terror
1997,Soul Food
1997,Space Marines
1997,Spaceman
1997,The Spanish Prisoner
1997,Spawn
1997,Speed 2: Cruise Control
1997,Sprung
1997,Star Kid
1997,Starship Troopers
1997,Steel
1997,Stranger in the House
1997,Strategic Command
1997,Strawberry Fields
1997,Suicide Kings
1997,Sunday
1997,Super Speedway
1997,The Swan Princess II: Escape from Castle Mountain
1997,Swept from the Sea
1997,Switchback
1997,Telling Lies in America
1997,That Darn Cat
1997,That Old Feeling
1997,This World, Then the Fireworks
1997,A Thousand Acres
1997,'Til There Was You
1997,Titanic
1997,Top of the World
1997,Touch
1997,Toothless
1997,Touch Me
1997,Tower of Terror
1997,Traveller
1997,Trekkies
1997,Trial and Error
1997,Trojan War
1997,Truth or Consequences, N.M.
1997,Turbo: A Power Rangers Movie
1997,Turbulence
1997,The Twilight of the Golds
1997,Twisted
1997,U Turn
1997,Ulee's Gold
1997,Under Wraps
1997,Vampire Journals
1997,Vanishing Point
1997,Vegas Vacation
1997,Velocity Trap
1997,Volcano
1997,Waco: The Rules of Engagement
1997,Wag the Dog
1997,Waiting for Guffman
1997,Warriors of Virtue
1997,Washington Square
1997,Weapons of Mass Distraction
1997,Welcome to Sarajevo
1997,What the Deaf Man Heard
1997,Wild America
1997,The Wings of the Dove
1997,The Winter Guest
1997,Wishmaster
1997,The Woodlanders
1997,The Wrong Guy
1997,Year of the Horse
1997,Young Thugs: Innocent Blood
1997,Young and Dangerous 4
1997,Zeus and Roxanne
1998,20 Dates
1998,54
1998,Addams Family Reunion
1998,The Adventures of Sebastian Cole
1998,Almost Heroes
1998,American History X
1998,An Alan Smithee Film: Burn Hollywood Burn
1998,Another Day in Paradise
1998,Antz
1998,Apt Pupil
1998,Armageddon
1998,The Avengers
1998,B. Monkey
1998,Babe: Pig in the City
1998,BASEketball
1998,Belly
1998,Beloved
1998,The Big Hit
1998,The Big Lebowski
1998,Billy's Hollywood Screen Kiss
1998,Black Dog
1998,Blade
1998,Blues Brothers 2000
1998,Break Up
1998,Bride of Chucky
1998,Broken Vessels
1998,Brown's Requiem
1998,Buffalo '66
1998,A Bug's Life
1998,Bulworth
1998,Can't Hardly Wait
1998,Casper Meets Wendy
1998,Caught Up
1998,Celebrity
1998,Chairman of the Board
1998,City of Angels
1998,A Civil Action
1998,Clay Pigeons
1998,Cousin Bette
1998,Curse of the Puppet Master
1998,The Curve
1998,Dance with Me
1998,Dancer, Texas Pop. 81
1998,Dancing at Lughnasa
1998,Dangerous Beauty
1998,Dark City
1998,Dead Man on Campus
1998,Deep Impact
1998,Deep Rising
1998,Dennis the Menace Strikes Again
1998,The Dentist 2
1998,Desert Blue
1998,Desperate Measures
1998,Digging to China
1998,Dirty Work
1998,Disturbing Behavior
1998,Dr. Dolittle
1998,Down in the Delta
1998,Drive
1998,Edge of Seventeen
1998,The Eighteenth Angel
1998,Enemy of the State
1998,Ever After
1998,The Faculty
1998,Fallen
1998,The Farm: Angola, USA
1998,Fear and Loathing in Las Vegas
1998,Finding Graceland
1998,Firestorm
1998,The Gingerbread Man
1998,God Said "Ha!"
1998,Gods and Monsters
1998,The Godson
1998,Godzilla
1998,Goodbye Lover
1998,Great Expectations
1998,The Hairy Bird
1998,Half Baked
1998,Halloween H20: 20 Years Later
1998,Happiness
1998,Hard Rain
1998,He Got Game
1998,Hell's Kitchen
1998,The Hi-Lo Country
1998,High Art
1998,Holy Man
1998,Home Fries
1998,Homegrown
1998,Hope Floats
1998,The Horse Whisperer
1998,How Stella Got Her Groove Back
1998,How to Make the Cruelest Month
1998,Hurlyburly
1998,Hush
1998,I Got the Hook Up
1998,I Still Know What You Did Last Summer
1998,I'll Be Home For Christmas
1998,Illuminata
1998,The Impostors
1998,Jack Frost
1998,Jane Austen's Mafia!
1998,Judas Kiss
1998,Kissing a Fool
1998,Knock Off
1998,Krippendorf's Tribe
1998,Kurt & Courtney
1998,The Last Days of Disco
1998,The Last Days
1998,Lenny Bruce: Swear to Tell the Truth
1998,Les Misérables
1998,Let's Talk About Sex
1998,Lethal Weapon 4
1998,The Life and Times of Hank Greenberg
1998,The Lion King II: Simba's Pride
1998,Living Out Loud
1998,Lost In Space
1998,Lulu on the Bridge
1998,Madeline
1998,Major League: Back to the Minors
1998,The Man in the Iron Mask
1998,The Mask of Zorro
1998,Meet Joe Black
1998,Meet the Deedles
1998,Melting Pot
1998,Mercury Rising
1998,Mighty Joe Young
1998,The Mighty
1998,Mighty Joe Young
1998,The Mighty Kong
1998,Montana
1998,Monument Ave.
1998,Mulan
1998,Music from Another Room
1998,My Giant
1998,The Naked Man
1998,The Negotiator
1998,New Rose Hotel
1998,The Newton Boys
1998,Next Stop Wonderland
1998,A Night at the Roxbury
1998,No Looking Back
1998,The Object of My Affection
1998,October 22
1998,The Odd Couple II
1998,One Tough Cop
1998,One True Thing
1998,The Opposite of Sex
1998,Out of Sight
1998,Outside Ozona
1998,Overnight Delivery
1998,Palmetto
1998,The Parent Trap
1998,Patch Adams
1998,Pauli
1998,Pecker
1998,The Pentagon Wars
1998,A Perfect Murder
1998,Permanent Midnight
1998,Phantasm IV: Oblivion
1998,Phantoms
1998,Phoenix
1998,Pi
1998,The Players Club
1998,Playing by Heart
1998,Pleasantville
1998,Polish Wedding
1998,Poodle Springs
1998,Practical Magic
1998,A Price Above Rubies
1998,Primary Colors
1998,The Prince of Egypt
1998,Psycho
1998,Quest for Camelot
1998,The Rat Pack
1998,Reach the Rock
1998,Regret to Inform
1998,The Replacement Killers
1998,Restaurant
1998,Return to Paradise
1998,Riddler's Moon
1998,Ride
1998,Ringmaster
1998,Ronin
1998,Rounders
1998,Rudolph the Red-Nosed Reindeer: The Movie
1998,The Rugrats Movie
1998,Rush Hour
1998,Rushmore
1998,Safe Men
1998,Saving Private Ryan
1998,Savior
1998,The Second Arrival
1998,Senseless
1998,Shadrach
1998,Shakespeare in Love
1998,The Siege
1998,Simon Birch
1998,A Simple Plan
1998,Since You've Been Gone
1998,Six Days Seven Nights
1998,Six-String Samurai
1998,Slam
1998,Slappy and the Stinkers
1998,Slums of Beverly Hills
1998,Small Soldiers
1998,Smoke Signals
1998,Snake Eyes
1998,Soldier
1998,Somewhere in the City
1998,Sour Grapes
1998,Species II
1998,Sphere
1998,Spice World
1998,Star Trek: Insurrection
1998,Stepmom
1998,Strangeland
1998,Suicide Kings
1998,Tarzan and the Lost City
1998,There's Something About Mary
1998,Thick as Thieves
1998,The Thin Red Line
1998,The Truman Show
1998,Twilight
1998,U.S. Marshals
1998,Urban Legend
1998,Vampires
1998,Very Bad Things
1998,The Waterboy
1998,The Wedding Singer
1998,What Dreams May Come
1998,Why Do Fools Fall in Love
1998,Wide Awake
1998,Wild Things
1998,Without Limits
1998,Woo
1998,Wrongfully Accused
1998,The X-Files
1998,Your Friends & Neighbors
1998,You've Got Mail
1998,Zero Effect
1999,10 Things I Hate About You
1999,The 13th Warrior
1999,200 Cigarettes
1999,The 4th Floor
1999,8mm
1999,The Adventures of Elmo in Grouchland
1999,American Beauty
1999,American Movie
1999,American Pie
1999,Analyze This
1999,Angel's Dance
1999,Animal Farm
1999,Anna and the King
1999,Annie
1999,Any Given Sunday
1999,Anywhere but Here
1999,Arlington Road
1999,The Astronaut's Wife
1999,At First Sight
1999,Atomic Train
1999,Austin Powers: The Spy Who Shagged Me
1999,Baby Geniuses
1999,The Bachelor
1999,Bats
1999,Being John Malkovich
1999,Bellyfruit
1999,Beowulf
1999,Best Laid Plans
1999,The Best Man
1999,Beyond the Mat
1999,Bicentennial Man
1999,Big Daddy
1999,The Big Kahuna
1999,Black and White
1999,The Blair Witch Project
1999,Blast from the Past
1999,Blue Streak
1999,The Bone Collector
1999,The Boondock Saints
1999,Bowfinger
1999,Boys Don't Cry
1999,Breakfast of Champions
1999,Bringing Out the Dead
1999,Brokedown Palace
1999,But I'm a Cheerleader
1999,Chill Factor
1999,Chutney Popcorn
1999,The Cider House Rules
1999,Coming Soon
1999,The Corruptor
1999,Cradle Will Rock
1999,Crazy in Alabama
1999,The Crimson Code
1999,Cruel Intentions
1999,Deep Blue Sea
1999,The Deep End of the Ocean
1999,Deterrence
1999,Detroit Rock City
1999,Deuce Bigalow: Male Gigolo
1999,Dick
1999,Dill Scallion
1999,A Dog of Flanders
1999,Dogma
1999,Double Jeopardy
1999,Drop Dead Gorgeous
1999,Dudley Do-Right
1999,EDtv
1999,Election
1999,End of Days
1999,Entrapment
1999,Entropy
1999,eXistenZ
1999,Eye of the Beholder
1999,Eyes Wide Shut
1999,Fantasia 2000
1999,Fight Club
1999,Flawless
1999,The Florentine
1999,For Love of the Game
1999,Forces of Nature
1999,Friends & Lovers
1999,Galaxy Quest
1999,The General's Daughter
1999,Ghost Dog: The Way of the Samurai
1999,Girl, Interrupted
1999,Gloria
1999,Go
1999,The Green Mile
1999,Guinevere
1999,Happy, Texas
1999,The Haunting
1999,Heaven or Vegas
1999,Held Up
1999,The Hi-Line
1999,House on Haunted Hill
1999,The Hurricane
1999,An Ideal Husband
1999,Idle Hands
1999,In Dreams
1999,In Too Deep
1999,The Insider
1999,Inspector Gadget
1999,Instinct
1999,The Iron Giant
1999,Jakob the Liar
1999,Jawbreaker
1999,Jesus' Son
1999,Joe the King
1999,Just a Little Harmless Sex
1999,Just the Ticket
1999,K-911
1999,The King and I
1999,Kiss the Sky
1999,Kiss Toledo Goodbye
1999,Lake Placid
1999,Liberty Heights
1999,Life
1999,Light It Up
1999,The Limey
1999,Lost & Found
1999,Love Stinks
1999,Lovers Lane
1999,Lycanthrope
1999,Magnolia
1999,Man of the Century
1999,Man on the Moon
1999,A Map of the World
1999,The Mating Habits of the Earthbound Human
1999,The Matrix
1999,Message in a Bottle
1999,The Messenger: The Story of Joan of Arc
1999,Mickey Blue Eyes
1999,A Midsummer Night's Dream
1999,Miss Julie
1999,The Mod Squad
1999,Mr. Death
1999,Mumford
1999,The Mummy
1999,Muppets from Space
1999,The Muse
1999,Music of the Heart
1999,My Favorite Martian
1999,My Voyage to Italy
1999,Mystery, Alaska
1999,Mystery Men
1999,Never Been Kissed
1999,The Ninth Gate
1999,Ninth Street
1999,Notting Hill
1999,October Sky
1999,Office Space
1999,The Omega Code
1999,One Man's Hero
1999,The Other Sister
1999,Our Friend, Martin
1999,P.U.N.K.S.
1999,The Passion of Ayn Rand
1999,Passport to Paris
1999,Payback
1999,Play It to the Bone
1999,Pushing Tin
1999,The Rage: Carrie 2
1999,Random Hearts
1999,Ravenous
1999,Retro Puppet Master
1999,Revelation aka Apocalypse
1999,Rites of Passage
1999,Runaway Bride
1999,The Runner
1999,She's All That
1999,Simon Sez
1999,Simply Irresistible
1999,The Sixth Sense
1999,Sleepy Hollow
1999,A Slipping-Down Life
1999,Snow Falling on Cedars
1999,South Park: Bigger, Longer & Uncut
1999,Speedway Junky
1999,Star Wars Episode I: The Phantom Menace
1999,Stigmata
1999,Stir of Echoes
1999,Storm
1999,The Story of Us
1999,The Straight Story
1999,Stuart Little
1999,Summer of Sam
1999,Superstar
1999,Sweet and Lowdown
1999,The Talented Mr. Ripley
1999,Tarzan
1999,Teaching Mrs. Tingle
1999,That Championship Season
1999,The Thirteenth Floor
1999,The Thirteenth Year
1999,The Thomas Crown Affair
1999,Three Kings
1999,Three to Tango
1999,Titus
1999,Toy Story 2
1999,Trippin'
1999,True Crime
1999,Tumbleweeds
1999,Twin Falls Idaho
1999,Universal Soldier: The Return
1999,Varsity Blues
1999,The Virgin Suicides
1999,Virus
1999,The Waiting Game
1999,Wakko's Wish
1999,A Walk on the Moon
1999,Walking Across Egypt
1999,When the Day Breaks
1999,Whiteboyz
1999,Wild Wild West
1999,Wing Commander
1999,Winnie the Pooh: Seasons of Giving
1999,Wisconsin Death Trip
1999,The Woman Chaser
1999,A Woman Scorned
1999,The Wood
